"roll_no","name","class","board","phone","email","school_name","password","mode_of_education","must_reset_password"
IA019,Thiyashree . S,"10",ICSE,"8903694612",ia019@intellektacademy.com,ABC,thiya_26,Offline,false
IA040,Aarushi . V,"12",State Board,"9943467777",ia040@intellektacademy.com,ABC,AARUSHI,Offline,false
IA034,Sashwanth . J.S,"12",State Board,"9894456238",sashwanthjs@gmail.com,S.B.O.A Matric.Hr.Sec.School,"12345",Offline,false
IA006,Laksanya . G.S,"12",ISC,"8610230359",Abc@gmail.com,Bharathi School,subhi@23509,Offline,false
IA020,Pawanisha . S,"12",State Board,"9994576762",ia020@intellektacademy.com,ABC,IA020,Offline,false
IA007,Lakshana . A.G,"10",ICSE,"9366675360",Abc@gmail.com,Bharathi School,IA007,Offline,false
IA049,Ruvanthika . M.S.B,"12",State Board,"9486773457",ia049@intellektacademy.com,ABC,"2429",Offline,false
IA038,Lohitha . R,"12",State Board,"8754916036",ia038@intellektacademy.com,ABC,IA038,Offline,false
IA021,Anushree . P,"12",ISC,"9047535656",ia021@intellektacademy.com,ABC,Anu02,Offline,false
IA050,Srivisshwajeeth . J,"12",State Board,"9986982100",ia050@intellektacademy.com,ABC,Haaland123#,Offline,false
IA001,Jithandar Shree . S,"10",CBSE,"9629680187",jxthu08@gmail.com,CHINMAYA VIDYALAYA,IA001,Offline,false
IA047,Prithvi . U,"12",CBSE,"9944943626",ia047@intellektacademy.com,ABC,Prithvi,Offline,false
IA027,Karthikeshwar . B,"12",CBSE,"9843889933",ia027@intellektacademy.com,ABC,"889933",Offline,false
IA002,Surya Varshini . D.N,"10",ICSE,"9025289990",Abc@gmail.com,Bharathi School,IA002,Offline,false
IA005,Thanishka . G,"12",ISC,"9698645645",Abc@gmail.com,Bharathi School,IA005,Offline,false
IA011,Akash . T.S,"12",ISC,"9942251333",ia011@intellektacademy.com,ABC,akash04112009,Offline,false
IA031,Akshana . K.S,"10",ICSE,"9894740055",ia031@intellektacademy.com,ABC,"12345",Offline,false
IA043,Adharsh . T.P,"12",State Board,"9514340557",ia043@intellektacademy.com,ABC,Ishu,Offline,false
IA028,Aadhi Sheshan . K,"12",ISC,"9894299729",ia028@intellektacademy.com,ABC,"1977",Offline,false
IA030,Muskan . M,"12",State Board,"9790596453",ia030@intellektacademy.com,ABC,Muskan030,Offline,false
IA033,Sahithya . S,"12",State Board,"9790656464",ia033@intellektacademy.com,ABC,dia@0509,Offline,false
IA048,Saindhavi . T,"12",State Board,"9487651604",ia048@intellektacademy.com,ABC,saindhavi,Offline,false
IA012,Rakshana Sree . C.M,"10",ICSE,"9943634433",ia012@intellektacademy.com,ABC,"1234",Offline,false
IA014,Afsana Haseen . A,"12",ISC,"9894214488",ia014@intellektacademy.com,ABC,Akbar@123,Offline,false
IA013,Avanthika . M,"10",ICSE,"7010643700",ia013@intellektacademy.com,ABC,"12345678",Offline,false
IA035,Janani Sree . S,"12",State Board,"8778858929",ia035@intellektacademy.com,ABC,janani_011,Offline,false
IA009,Tejeshwar . A,"12",ISC,"9600922256",Abc@gmail.com,Bharathi School,IA009,Offline,false
IA022,Jeeshmitha . R,"12",ISC,"9894214488",ia022@intellektacademy.com,ABC,"1988",Offline,false
IA016,Joshica . R,"12",State Board,"9786027738",ia016@intellektacademy.com,ABC,"256210",Offline,false
IA018,Nivethika . R,"12",ISC,"9994511810",ia018@intellektacademy.com,ABC,P@ssI2009,Offline,false
IA004,Saran . R,"10",ICSE,"9443024059",avsramesh75@gmail.com,Bharathi School,"2011",Offline,false
IA017,Dhaksha . S,"12",State Board,"9443792782",ia017@intellektacademy.com,ABC,IA017,Offline,false
IA015,Dhivya Darshini . M,"10",ICSE,"9944710077",ia015@intellektacademy.com,ABC,Dhivya2605,Offline,false
IA045,Nityanta . C.N,"12",State Board,"7708302788",ia045@intellektacademy.com,ABC,nityanta09,Offline,false
IA051,Manushri . U.S,"12",State Board,"8667358972",ia051@intellektacademy.com,ABC,Citizen1,Offline,false
IA029,Prince Browsan . R,"12",State Board,"9500440405",ia029@intellektacademy.com,ABC,Lord@2009,Offline,false
IA003,Tarunika . C.P,"10",ICSE,"9843789955",Abc@gmail.com,Bharathi School,IA003,Offline,false
IA023,Nethra . H.A,"12",ISC,"9500804830",ia023@intellektacademy.com,ABC,IA023,Offline,false
IA036,Darshan . P.G,"12",State Board,"8754141969",ia036@intellektacademy.com,ABC,sri,Offline,false
IA032,Abinove . K.S,"12",State Board,"9894740055",ia032@intellektacademy.com,ABC,"12345",Offline,false
IA025,Janani Saranyaa . G,"10",ICSE,"9367615652",ia025@intellektacademy.com,ABC,"12345678",Offline,false
IA024,Rithanyaa . B,"12",State Board,"9092441100",ia024@intellektacademy.com,ABC,Rithu,Offline,false
IA026,Adhira . M.S,"12",State Board,"6384125125",ia026@intellektacademy.com,ABC,IA026,Offline,false
IA046,Abhinav . S,"12",State Board,"9600003921",ia046@intellektacademy.com,ABC,Abhinav1908,Offline,false
IA044,Aruthran . P,"12",State Board,"9787409783",ia044@intellektacademy.com,ABC,aruthran-2009,Offline,false
IA041,Abinithaa . B.N,"12",State Board,"9786827887",ia041@intellektacademy.com,ABC,Abinithaa,Offline,false
IA042,Yoganram . R,"12",State Board,"9750191388",ia042@intellektacademy.com,ABC,Yogan@2010,Offline,false
IA008,Rauf . S.A.B,"12",CBSE,"9894898422",Abc@gmail.com,Bharathi School,IA008,Offline,false
IA010,Kowshik Tharan . R,"12",ISC,"9790104588",ia010@intellektacademy.com,ABC,"6681",Offline,false
IA037,Adharshana . M.U,"12",State Board,"9952251932",ia037@intellektacademy.com,ABC,Adharshna@2009,Offline,false
IA063,Harsini . K.S,"12",CBSE,"8610247740",ia063@intellektacademy.com,ABC,IA063,Offline,false
IA088,Sanjuktha Sri V.V,"12",ISC,"9994405673",ia088@intellektacademy.com,ABC,Sarju@#123,Offline,false
IA106,Mohamad Thansil T.S,"11",State Board,"9443245256",alankar.cbe@gmail.com,Lisieux Matriculation Higher Secondary School,IA106,Offline,true
IA081,Vibha . G.V,"12",CBSE,"8072118948",ia081@intellektacademy.com,ABC,GV#INTL,Offline,false
IA101,Aditi Vijay,"10",ICSE,"9488073384",ia101@intellektacademy.com,ABC,IA101,Offline,false
IA090,Harini . V.V,"12",ISC,"9443553821",ia090@intellektacademy.com,ABC,IA090,Offline,false
IA066,Aswanth . K.S,"12",CBSE,"9894481559",ia066@intellektacademy.com,ABC,"123465",Offline,false
IA073,Sai Prasad . V,"12",State Board,"9842323773",ia073@intellektacademy.com,ABC,Saiprasad@2009,Offline,false
IA069,Lenu Anith . V.A,"12",CBSE,"9500211432",ia069@intellektacademy.com,ABC,"123098",Offline,false
IA092,Sai Nithish . V.R,"12",ISC,"9944481441",ia092@intellektacademy.com,ABC,sainitiish,Offline,false
IA057,Diksha . E.R,"12",State Board,"9677686555",ia057@intellektacademy.com,ABC,ddgr2016,Offline,false
IA099,Abinav . R,"12",State Board,"9443301657",ia099@intellektacademy.com,ABC,abinov,Offline,false
IA086,Karunya . A,"12",CBSE,"9047380459",ia086@intellektacademy.com,ABC,"132116",Offline,false
IA067,Yaash Ratan . G,"12",CBSE,"9500457367",ia067@intellektacademy.com,ABC,IA067,Offline,true
IA053,Ajay . M,"12",State Board,"9884562488",ia053@intellektacademy.com,ABC,ashwinpranav,Offline,false
IA089,Rashmika . S.K,"12",ISC,"9487553633",ia089@intellektacademy.com,ABC,"12345678",Offline,false
IA075,Akash . S,"12",CBSE,"9952215286",ia075@intellektacademy.com,ABC,"99522",Offline,false
IA060,Sabari . K.S,"12",CBSE,"9087703137",ia060@intellektacademy.com,ABC,harshini123,Offline,false
IA109,Pavithraa T.M,"12",CBSE,"9842385955",IA109@gmail.com,Camford International School,intpavi,Offline,false
IA080,Vybhav . K,"12",CBSE,"9865852029",ia080@intellektacademy.com,ABC,vybhav,Offline,false
IA070,Sarwin R. S,"12",CBSE,"9942342838",ia070@intellektacademy.com,ABC,sarwin2105,Offline,false
IA076,Yash Rajesh Mallya,"12",CBSE,"9080222399",ia076@intellektacademy.com,ABC,IA076,Offline,false
IA064,Narmatha . C.V,"12",State Board,"9842134553",ia064@intellektacademy.com,ABC,kirthick@2012,Offline,false
IA107,Varnikaa D,"11",State Board,"9500144014",sangeethadevarnika@gmail.com,Chavara Vidhya Bhavan,IA107,Offline,true
IA055,Kesavavaradhan  . R,"12",State Board,"9865644864",ia055@intellektacademy.com,ABC,"0987654321",Offline,false
IA059,Ashwin Kumar . S.R,"12",State Board,"9842232474",ia059@intellektacademy.com,ABC,Ashwin_@3040,Offline,false
IA095,Adhi Narayanan . P,"12",State Board,"9788318183",ia095@intellektacademy.com,ABC,Aadhi,Offline,false
IA062,Abinaya . G,"12",State Board,"7358971882",ia062@intellektacademy.com,ABC,GOPUGAYATHRI,Offline,false
IA091,Varshini . P,"12",ISC,"9629387079",ia091@intellektacademy.com,ABC,baba12345,Offline,false
IA068,Gowtham Krishna . A,"12",CBSE,"9025378559",ia068@intellektacademy.com,ABC,unnivava,Offline,false
IA065,Harini . P,"12",CBSE,"9994990333",ia065@intellektacademy.com,ABC,Harini@14,Offline,false
IA087,Santhoshini . A,"12",State Board,"9626359767",ia087@intellektacademy.com,ABC,"242010",Offline,false
IA094,Atif Istiaq . S,"10",State Board,"9944164278",ia094@intellektacademy.com,ABC,atif,Offline,false
IA082,Rithish Barath . S.S,"12",CBSE,"9443803633",ia082@intellektacademy.com,ABC,"2009",Offline,false
IA093,Praanesh . S,"10",State Board,"9894957167",ia093@intellektacademy.com,ABC,IA093,Offline,true
IA056,Deepan . M,"12",State Board,"9944710077",ia056@intellektacademy.com,ABC,deepan_0506,Offline,false
IA084,Prathiksha . K,"12",CBSE,"9894825477",ia084@intellektacademy.com,ABC,prathi@09,Offline,false
IA096,Prithvi . K,"10",State Board,"9940798772",ia096@intellektacademy.com,ABC,IA096,Offline,true
IA097,Jeswin . S,"10",State Board,"9944194949",ia097@intellektacademy.com,ABC,IA097,Offline,true
IA054,Fidha Fatima . M,"12",State Board,"7448556806",ia054@intellektacademy.com,ABC,fidha,Offline,false
IA105,Harshitha A,"9",CBSE,"9597309409",IA105@gmail.com,Yuva Bharathi Public school,IA105,Offline,true
IA052,Vishnu Vikash . K,"12",State Board,"9788819678",ia052@intellektacademy.com,ABC,vishnuvikash,Offline,false
IA061,Deekshita . S,"12",CBSE,"9080938713",ia061@intellektacademy.com,ABC,go2tution,Offline,false
IA104,Nidhish . K.P,"12",CBSE,"8838688651",ia104@intellektacademy.com,ABC,IA104,Offline,false
IA102,Harshika . S,"10",ICSE,"9443389890",ia102@intellektacademy.com,ABC,IA102,Offline,false
IA108,Arunika A,"10",ICSE,"8754141258",IA108@gmail.com,Bharathi school,IA108,Offline,true
IA077,Praveenth . D,"12",CBSE,"9942022778",ia077@intellektacademy.com,ABC,IA077,Offline,false
IA078,Tanuj Vijayakumar,"12",CBSE,"9843057490",ia078@intellektacademy.com,ABC,tanuj3079,Offline,false
IA058,Deepa Sree . S,"12",State Board,"9629682910",ia058@intellektacademy.com,ABC,deepa1234,Offline,false
IA110,Veer Chabria,"9",CBSE,"7708371606",chabriaveer2506@gmail.com,Yuva Bharathi Public school,IA110,Offline,true
IA074,Sakthivel . K.S,"12",ISC,"9789193693",ia074@intellektacademy.com,ABC,IA074,Offline,false
IA103,Aswath.S,"10",ICSE,"9245636361",siva047174@gmail.com,Bharathi School,IA103,Offline,false
IA113,Mariyam Shokoor,"12",State Board,"9994700089",shukoormariyam97@gmail.com,Lisieux Matriculation Higher Secondary School,IA113,Offline,true
IA116,Aarif Khan I,"11",State Board,"6385888954",ia116@gamil.com,Vidya Vikas Matriculation,IA116,Offline,true
IA115,Aadithya Karthik S,"12",CBSE,"9842203286",ia115@gmail.com,Kikani Vidhya Mandir,"16032009",Offline,false
IA072,Dhaksharithan S,"10",ICSE,"9842076593",ia072@gmail.com,Bharathi School,IA072,Offline,false
IA117,Kavin B R,"9",CBSE,"9842649890",bravikumar284@gmail.com,Yuvabharathi Public School,IA117,Offline,true
IA118,Dhaarshith raja K,"11",State Board,"9843851020",sivagamikarthikraja@gmail.com,lisieux matriculation higher secondary school,IA118,Offline,true
IA079,Nishitha Raj M,"7",CBSE,"7402740225",ia079@intellektacademy.com,Chaithanya School,IA079,Offline,false
IA120,Jashmira Jerin,"12",CBSE,"9940800444",ia120@intellektacademy.com,Geedee Public School,IA120,Offline,true
IA121,Amrith.V.A,"10",CBSE,"9500211432",ia121@intellekt.com,Amirta Vidhyalayam,IA121,Offline,true
IA112,Janiya Vivin,"11",State Board,"6380427169",IA112@gmail.com,Avila Convent Matriculation Higher Secondary School,IA112,Offline,false
IA124,Abhinav.B.N,"9",ICSE,"9786827887",ia124@intellekt.com,Bharathi,IA124,Offline,true
IA123,P.Krishna Bairavi,"9",ICSE,"8344567166",ia123@intellekt.com,Bharathi,IA123,Offline,true
IA122,Aradhya.J,"9",ICSE,"9842232031",ia122@intellekt.com,Bharathi School,IA122,Offline,true
IA125,Anushka J,"12",State Board,"9842232031",jenanshabitha@gmail.com,vidhya vikasini,IA125,Offline,true
IA126,Yaadavi A R,"9",ICSE,"9843793339",ia126@intellekt.com,bharathi school,IA126,Offline,true
IA127,Varun Antony V,"9",CBSE,"9791945231",ia127@intellekt.com,Don Bosco School of Excellence,IA127,Offline,true
IA128,Srinandhan S,"10",CBSE,"9787333999",ia128@intellekt.com,Suguna PIP,IA128,Offline,true
IA0119,Vipin K,"10",ICSE,"9791507335",IA0119@intellektacademy.com,Bharathi School,IA0119,oflline,true
IA129,Anishka . J,"12",State Board,"7904771634",IA129@intellektacademy.com,Avila Convent,IA129,offline,true
IA098,Jayashree . V,"12",State Board,"8220070070",IA098@intellektacademy.com,National Model School,IA098,offline,false
IA130,Pradhyum Sai Laxman,"10",ICSE,"9894279372",ia130@intellekt.com,GD Naidu school,IA130,Offline,true
IA131,Mohammed Zahid,"12",CBSE,"7010084403",ia131@intellekt.com,Kikani vidhya mandhir,IA131,Offline,true
